<?xml version="1.0" encoding="UTF-8"?>
<GenRun Id="synth_1" LaunchPart="xc7a50ticsg324-1L" LaunchTime="1696427228">
  <File Type="PA-TCL" Name="mux_4_1.tcl"/>
  <File Type="REPORTS-TCL" Name="mux_4_1_reports.tcl"/>
  <File Type="RDS-RDS" Name="mux_4_1.vds"/>
  <File Type="RDS-UTIL" Name="mux_4_1_utilization_synth.rpt"/>
  <File Type="RDS-UTIL-PB" Name="mux_4_1_utilization_synth.pb"/>
  <File Type="RDS-DCP" Name="mux_4_1.dcp"/>
  <FileSet Name="sources" Type="DesignSrcs" RelSrcDir="$PSRCDIR/sources_1">
    <Filter Type="Srcs"/>
    <File Path="$PSRCDIR/sources_1/imports/1-multiplexer21_dataflow/mux_2_1.vhd">
      <FileInfo>
        <Attr Name="ImportPath" Val="$PPRDIR/../../Users/CeRICT/Dropbox/DIDATTICA/ASDi/ASDI_2020_2021/Esempi_VHDL/Esercitazioni in aula/1-multiplexer/1-multiplexer21_dataflow/mux_2_1.vhd"/>
        <Attr Name="ImportTime" Val="1664793246"/>
        <Attr Name="UsedIn" Val="synthesis"/>
        <Attr Name="UsedIn" Val="simulation"/>
      </FileInfo>
    </File>
    <File Path="$PSRCDIR/sources_1/new/mux_4_1.vhd">
      <FileInfo>
        <Attr Name="UsedIn" Val="synthesis"/>
        <Attr Name="UsedIn" Val="simulation"/>
      </FileInfo>
    </File>
    <Config>
      <Option Name="DesignMode" Val="RTL"/>
      <Option Name="TopModule" Val="mux_4_1"/>
      <Option Name="TopAutoSet" Val="TRUE"/>
    </Config>
  </FileSet>
  <FileSet Name="constrs_in" Type="Constrs" RelSrcDir="$PSRCDIR/constrs_1">
    <Filter Type="Constrs"/>
    <Config>
      <Option Name="ConstrsType" Val="XDC"/>
    </Config>
  </FileSet>
  <FileSet Name="utils" Type="Utils" RelSrcDir="$PSRCDIR/utils_1">
    <Filter Type="Utils"/>
    <Config>
      <Option Name="TopAutoSet" Val="TRUE"/>
    </Config>
  </FileSet>
  <Strategy Version="1" Minor="2">
    <StratHandle Name="Vivado Synthesis Defaults" Flow="Vivado Synthesis 2019"/>
    <Step Id="synth_design"/>
  </Strategy>
</GenRun>
