<?xml version="1.0" encoding="UTF-8"?>
<GenRun Id="impl_1" LaunchPart="xc7a100tcsg324-1" LaunchTime="1698267066">
  <File Type="BITSTR-BMM" Name="display_on_board_bd.bmm"/>
  <File Type="OPT-METHODOLOGY-DRC" Name="display_on_board_methodology_drc_opted.rpt"/>
  <File Type="INIT-TIMING" Name="display_on_board_timing_summary_init.rpt"/>
  <File Type="ROUTE-PWR" Name="display_on_board_power_routed.rpt"/>
  <File Type="PA-TCL" Name="display_on_board.tcl"/>
  <File Type="OPT-TIMING" Name="display_on_board_timing_summary_opted.rpt"/>
  <File Type="OPT-DCP" Name="display_on_board_opt.dcp"/>
  <File Type="ROUTE-PWR-SUM" Name="display_on_board_power_summary_routed.pb"/>
  <File Type="REPORTS-TCL" Name="display_on_board_reports.tcl"/>
  <File Type="OPT-DRC" Name="display_on_board_drc_opted.rpt"/>
  <File Type="OPT-HWDEF" Name="display_on_board.hwdef"/>
  <File Type="PWROPT-DCP" Name="display_on_board_pwropt.dcp"/>
  <File Type="PWROPT-DRC" Name="display_on_board_drc_pwropted.rpt"/>
  <File Type="PWROPT-TIMING" Name="display_on_board_timing_summary_pwropted.rpt"/>
  <File Type="PLACE-DCP" Name="display_on_board_placed.dcp"/>
  <File Type="PLACE-IO" Name="display_on_board_io_placed.rpt"/>
  <File Type="PLACE-CLK" Name="display_on_board_clock_utilization_placed.rpt"/>
  <File Type="PLACE-UTIL" Name="display_on_board_utilization_placed.rpt"/>
  <File Type="PLACE-UTIL-PB" Name="display_on_board_utilization_placed.pb"/>
  <File Type="PLACE-CTRL" Name="display_on_board_control_sets_placed.rpt"/>
  <File Type="PLACE-SIMILARITY" Name="display_on_board_incremental_reuse_placed.rpt"/>
  <File Type="PLACE-PRE-SIMILARITY" Name="display_on_board_incremental_reuse_pre_placed.rpt"/>
  <File Type="PLACE-TIMING" Name="display_on_board_timing_summary_placed.rpt"/>
  <File Type="POSTPLACE-PWROPT-DCP" Name="display_on_board_postplace_pwropt.dcp"/>
  <File Type="BG-BIN" Name="display_on_board.bin"/>
  <File Type="POSTPLACE-PWROPT-TIMING" Name="display_on_board_timing_summary_postplace_pwropted.rpt"/>
  <File Type="PHYSOPT-DCP" Name="display_on_board_physopt.dcp"/>
  <File Type="PHYSOPT-DRC" Name="display_on_board_drc_physopted.rpt"/>
  <File Type="BITSTR-MSK" Name="display_on_board.msk"/>
  <File Type="PHYSOPT-TIMING" Name="display_on_board_timing_summary_physopted.rpt"/>
  <File Type="ROUTE-ERROR-DCP" Name="display_on_board_routed_error.dcp"/>
  <File Type="ROUTE-DCP" Name="display_on_board_routed.dcp"/>
  <File Type="ROUTE-BLACKBOX-DCP" Name="display_on_board_routed_bb.dcp"/>
  <File Type="ROUTE-DRC" Name="display_on_board_drc_routed.rpt"/>
  <File Type="ROUTE-DRC-PB" Name="display_on_board_drc_routed.pb"/>
  <File Type="ROUTE-DRC-RPX" Name="display_on_board_drc_routed.rpx"/>
  <File Type="BITSTR-MMI" Name="display_on_board.mmi"/>
  <File Type="ROUTE-METHODOLOGY-DRC" Name="display_on_board_methodology_drc_routed.rpt"/>
  <File Type="ROUTE-METHODOLOGY-DRC-RPX" Name="display_on_board_methodology_drc_routed.rpx"/>
  <File Type="ROUTE-METHODOLOGY-DRC-PB" Name="display_on_board_methodology_drc_routed.pb"/>
  <File Type="ROUTE-PWR-RPX" Name="display_on_board_power_routed.rpx"/>
  <File Type="ROUTE-STATUS" Name="display_on_board_route_status.rpt"/>
  <File Type="ROUTE-STATUS-PB" Name="display_on_board_route_status.pb"/>
  <File Type="ROUTE-TIMINGSUMMARY" Name="display_on_board_timing_summary_routed.rpt"/>
  <File Type="ROUTE-TIMING-PB" Name="display_on_board_timing_summary_routed.pb"/>
  <File Type="ROUTE-TIMING-RPX" Name="display_on_board_timing_summary_routed.rpx"/>
  <File Type="ROUTE-SIMILARITY" Name="display_on_board_incremental_reuse_routed.rpt"/>
  <File Type="ROUTE-CLK" Name="display_on_board_clock_utilization_routed.rpt"/>
  <File Type="ROUTE-BUS-SKEW" Name="display_on_board_bus_skew_routed.rpt"/>
  <File Type="ROUTE-BUS-SKEW-PB" Name="display_on_board_bus_skew_routed.pb"/>
  <File Type="ROUTE-BUS-SKEW-RPX" Name="display_on_board_bus_skew_routed.rpx"/>
  <File Type="POSTROUTE-PHYSOPT-DCP" Name="display_on_board_postroute_physopt.dcp"/>
  <File Type="POSTROUTE-PHYSOPT-BLACKBOX-DCP" Name="display_on_board_postroute_physopt_bb.dcp"/>
  <File Type="POSTROUTE-PHYSOPT-TIMING" Name="display_on_board_timing_summary_postroute_physopted.rpt"/>
  <File Type="POSTROUTE-PHYSOPT-TIMING-PB" Name="display_on_board_timing_summary_postroute_physopted.pb"/>
  <File Type="POSTROUTE-PHYSOPT-TIMING-RPX" Name="display_on_board_timing_summary_postroute_physopted.rpx"/>
  <File Type="POSTROUTE-PHYSOPT-BUS-SKEW" Name="display_on_board_bus_skew_postroute_physopted.rpt"/>
  <File Type="POSTROUTE-PHYSOPT-BUS-SKEW-PB" Name="display_on_board_bus_skew_postroute_physopted.pb"/>
  <File Type="BG-BIT" Name="display_on_board.bit"/>
  <File Type="POSTROUTE-PHYSOPT-BUS-SKEW-RPX" Name="display_on_board_bus_skew_postroute_physopted.rpx"/>
  <File Type="BITSTR-RBT" Name="display_on_board.rbt"/>
  <File Type="BITSTR-NKY" Name="display_on_board.nky"/>
  <File Type="PDI-FILE" Name="display_on_board.pdi"/>
  <File Type="RCFI_FILE" Name="display_on_board.rcfi"/>
  <File Type="CFI_FILE" Name="display_on_board.cfi"/>
  <File Type="RNPI_FILE" Name="display_on_board.rnpi"/>
  <File Type="NPI_FILE" Name="display_on_board.npi"/>
  <File Type="RBD_FILE" Name="display_on_board.rbd"/>
  <File Type="BITSTR-LTX" Name="debug_nets.ltx"/>
  <File Type="BITSTR-LTX" Name="display_on_board.ltx"/>
  <File Type="BITSTR-SYSDEF" Name="display_on_board.sysdef"/>
  <File Type="BG-BGN" Name="display_on_board.bgn"/>
  <File Type="BG-DRC" Name="display_on_board.drc"/>
  <File Type="RDI-RDI" Name="display_on_board.vdi"/>
  <File Type="WBT-USG" Name="usage_statistics_webtalk.html"/>
  <FileSet Name="sources" Type="DesignSrcs" RelSrcDir="$PSRCDIR/sources_1">
    <Filter Type="Srcs"/>
    <File Path="$PSRCDIR/sources_1/imports/sources_1/imports/Display7Seg - Vivado/anodes_manager.vhd">
      <FileInfo>
        <Attr Name="ImportPath" Val="$PPRDIR/../../Users/aless/Dropbox/DIDATTICA/ASDi/MATERIALE DIDATTICO/4-Ambiente di sviluppo per FPGA/laboratorio/7_INPUT_UNIT_DISPLAY/7_INPUT_UNIT_DISPLAY.srcs/sources_1/imports/Display7Seg - Vivado/anodes_manager.vhd"/>
        <Attr Name="ImportTime" Val="1667465335"/>
        <Attr Name="UsedIn" Val="synthesis"/>
        <Attr Name="UsedIn" Val="simulation"/>
      </FileInfo>
    </File>
    <File Path="$PSRCDIR/sources_1/imports/sources_1/new/cathodes_input_manager.vhd">
      <FileInfo>
        <Attr Name="ImportPath" Val="$PPRDIR/../../Users/aless/Dropbox/DIDATTICA/ASDi/MATERIALE DIDATTICO/4-Ambiente di sviluppo per FPGA/laboratorio/7_INPUT_UNIT_DISPLAY/7_INPUT_UNIT_DISPLAY.srcs/sources_1/new/cathodes_input_manager.vhd"/>
        <Attr Name="ImportTime" Val="1667466022"/>
        <Attr Name="UsedIn" Val="synthesis"/>
        <Attr Name="UsedIn" Val="simulation"/>
      </FileInfo>
    </File>
    <File Path="$PSRCDIR/sources_1/imports/sources_1/imports/Display7Seg - Vivado/cathodes_manager.vhd">
      <FileInfo>
        <Attr Name="ImportPath" Val="$PPRDIR/../../Users/aless/Dropbox/DIDATTICA/ASDi/MATERIALE DIDATTICO/4-Ambiente di sviluppo per FPGA/laboratorio/7_INPUT_UNIT_DISPLAY/7_INPUT_UNIT_DISPLAY.srcs/sources_1/imports/Display7Seg - Vivado/cathodes_manager.vhd"/>
        <Attr Name="ImportTime" Val="1667466022"/>
        <Attr Name="UsedIn" Val="synthesis"/>
        <Attr Name="UsedIn" Val="simulation"/>
      </FileInfo>
    </File>
    <File Path="$PSRCDIR/sources_1/imports/sources_1/imports/Display7Seg - Vivado/clock_divider.vhd">
      <FileInfo>
        <Attr Name="ImportPath" Val="$PPRDIR/../../Users/aless/Dropbox/DIDATTICA/ASDi/MATERIALE DIDATTICO/4-Ambiente di sviluppo per FPGA/laboratorio/7_INPUT_UNIT_DISPLAY/7_INPUT_UNIT_DISPLAY.srcs/sources_1/imports/Display7Seg - Vivado/clock_divider.vhd"/>
        <Attr Name="ImportTime" Val="1667464792"/>
        <Attr Name="UsedIn" Val="synthesis"/>
        <Attr Name="UsedIn" Val="simulation"/>
      </FileInfo>
    </File>
    <File Path="$PSRCDIR/sources_1/imports/sources_1/imports/Display7Seg - Vivado/control_unit.vhd">
      <FileInfo>
        <Attr Name="ImportPath" Val="$PPRDIR/../../Users/aless/Dropbox/DIDATTICA/ASDi/MATERIALE DIDATTICO/4-Ambiente di sviluppo per FPGA/laboratorio/7_INPUT_UNIT_DISPLAY/7_INPUT_UNIT_DISPLAY.srcs/sources_1/imports/Display7Seg - Vivado/control_unit.vhd"/>
        <Attr Name="ImportTime" Val="1667462315"/>
        <Attr Name="UsedIn" Val="synthesis"/>
        <Attr Name="UsedIn" Val="simulation"/>
      </FileInfo>
    </File>
    <File Path="$PSRCDIR/sources_1/imports/sources_1/new/counter_mod8.vhd">
      <FileInfo>
        <Attr Name="ImportPath" Val="$PPRDIR/../../Users/aless/Dropbox/DIDATTICA/ASDi/MATERIALE DIDATTICO/4-Ambiente di sviluppo per FPGA/laboratorio/7_INPUT_UNIT_DISPLAY/7_INPUT_UNIT_DISPLAY.srcs/sources_1/new/counter_mod8.vhd"/>
        <Attr Name="ImportTime" Val="1667465108"/>
        <Attr Name="UsedIn" Val="synthesis"/>
        <Attr Name="UsedIn" Val="simulation"/>
      </FileInfo>
    </File>
    <File Path="$PSRCDIR/sources_1/imports/sources_1/imports/Display7Seg - Vivado/display_seven_segments.vhd">
      <FileInfo>
        <Attr Name="ImportPath" Val="$PPRDIR/../../Users/aless/Dropbox/DIDATTICA/ASDi/MATERIALE DIDATTICO/4-Ambiente di sviluppo per FPGA/laboratorio/7_INPUT_UNIT_DISPLAY/7_INPUT_UNIT_DISPLAY.srcs/sources_1/imports/Display7Seg - Vivado/display_seven_segments.vhd"/>
        <Attr Name="ImportTime" Val="1667466010"/>
        <Attr Name="UsedIn" Val="synthesis"/>
        <Attr Name="UsedIn" Val="simulation"/>
      </FileInfo>
    </File>
    <File Path="$PSRCDIR/sources_1/imports/sources_1/imports/Display7Seg - Vivado/display_on_board.vhd">
      <FileInfo>
        <Attr Name="ImportPath" Val="$PPRDIR/../../Users/aless/Dropbox/DIDATTICA/ASDi/MATERIALE DIDATTICO/4-Ambiente di sviluppo per FPGA/laboratorio/7_INPUT_UNIT_DISPLAY/7_INPUT_UNIT_DISPLAY.srcs/sources_1/imports/Display7Seg - Vivado/display_on_board.vhd"/>
        <Attr Name="ImportTime" Val="1667469237"/>
        <Attr Name="UsedIn" Val="synthesis"/>
        <Attr Name="UsedIn" Val="simulation"/>
      </FileInfo>
    </File>
    <Config>
      <Option Name="DesignMode" Val="RTL"/>
      <Option Name="TopModule" Val="display_on_board"/>
      <Option Name="TopAutoSet" Val="TRUE"/>
    </Config>
  </FileSet>
  <FileSet Name="constrs_in" Type="Constrs" RelSrcDir="$PSRCDIR/constrs_1">
    <Filter Type="Constrs"/>
    <File Path="$PSRCDIR/constrs_1/imports/digilent-xdc-master/Nexys-A7-100T-Master.xdc">
      <FileInfo>
        <Attr Name="ImportPath" Val="$PPRDIR/../../Users/aless/Dropbox/DIDATTICA/ASDi/MATERIALE DIDATTICO/4-Ambiente di sviluppo per FPGA/laboratorio/7_INPUT_UNIT_DISPLAY/7_INPUT_UNIT_DISPLAY.srcs/constrs_1/imports/digilent-xdc-master/Nexys-A7-100T-Master.xdc"/>
        <Attr Name="ImportTime" Val="1667324750"/>
        <Attr Name="UsedIn" Val="synthesis"/>
        <Attr Name="UsedIn" Val="implementation"/>
      </FileInfo>
    </File>
    <Config>
      <Option Name="ConstrsType" Val="XDC"/>
    </Config>
  </FileSet>
  <FileSet Name="utils" Type="Utils" RelSrcDir="$PSRCDIR/utils_1">
    <Filter Type="Utils"/>
    <Config>
      <Option Name="TopAutoSet" Val="TRUE"/>
    </Config>
  </FileSet>
  <Strategy Version="1" Minor="2">
    <StratHandle Name="Vivado Implementation Defaults" Flow="Vivado Implementation 2020">
      <Desc>Default settings for Implementation.</Desc>
    </StratHandle>
    <Step Id="init_design"/>
    <Step Id="opt_design"/>
    <Step Id="power_opt_design"/>
    <Step Id="place_design"/>
    <Step Id="post_place_power_opt_design"/>
    <Step Id="phys_opt_design"/>
    <Step Id="route_design"/>
    <Step Id="post_route_phys_opt_design"/>
    <Step Id="write_bitstream"/>
  </Strategy>
</GenRun>
