<?xml version="1.0" encoding="UTF-8"?>
<GenRun Id="synth_1" LaunchPart="xc7a50ticsg324-1L" LaunchTime="1696491560" LaunchIncrCheckpoint="$PSRCDIR/utils_1/imports/synth_1/mux_2_1.dcp" LaunchWriteIncrSynthDcp="true">
  <File Type="PA-TCL" Name="mux_2_1.tcl"/>
  <File Type="RDS-PROPCONSTRS" Name="mux_2_1_drc_synth.rpt"/>
  <File Type="REPORTS-TCL" Name="mux_2_1_reports.tcl"/>
  <File Type="RDS-RDS" Name="mux_2_1.vds"/>
  <File Type="RDS-UTIL" Name="mux_2_1_utilization_synth.rpt"/>
  <File Type="RDS-UTIL-PB" Name="mux_2_1_utilization_synth.pb"/>
  <File Type="RDS-DCP" Name="mux_2_1.dcp"/>
  <File Type="VDS-TIMINGSUMMARY" Name="mux_2_1_timing_summary_synth.rpt"/>
  <File Type="VDS-TIMING-PB" Name="mux_2_1_timing_summary_synth.pb"/>
  <FileSet Name="sources" Type="DesignSrcs" RelSrcDir="$PSRCDIR/sources_1">
    <Filter Type="Srcs"/>
    <File Path="$PSRCDIR/sources_1/mux_2_1.vhd">
      <FileInfo>
        <Attr Name="UsedIn" Val="synthesis"/>
        <Attr Name="UsedIn" Val="simulation"/>
      </FileInfo>
    </File>
    <Config>
      <Option Name="DesignMode" Val="RTL"/>
      <Option Name="TopModule" Val="mux_2_1"/>
      <Option Name="TopLib" Val="xil_defaultlib"/>
      <Option Name="TopArchitecture" Val="dataflow_v1"/>
    </Config>
  </FileSet>
  <FileSet Name="constrs_in" Type="Constrs" RelSrcDir="$PSRCDIR/constrs_1">
    <Filter Type="Constrs"/>
    <Config>
      <Option Name="ConstrsType" Val="XDC"/>
    </Config>
  </FileSet>
  <FileSet Name="utils" Type="Utils" RelSrcDir="$PSRCDIR/utils_1">
    <Filter Type="Utils"/>
    <File Path="$PSRCDIR/utils_1/imports/synth_1/mux_2_1.dcp">
      <FileInfo>
        <Attr Name="ImportPath" Val="$PRUNDIR/synth_1/mux_2_1.dcp"/>
        <Attr Name="ImportTime" Val="1696491559"/>
        <Attr Name="UsedIn" Val="synthesis"/>
        <Attr Name="UsedIn" Val="implementation"/>
        <Attr Name="UsedInSteps" Val="synth_1"/>
        <Attr Name="AutoDcp" Val="1"/>
      </FileInfo>
    </File>
    <Config>
      <Option Name="TopAutoSet" Val="TRUE"/>
    </Config>
  </FileSet>
  <Strategy Version="1" Minor="2">
    <StratHandle Name="Vivado Synthesis Defaults" Flow="Vivado Synthesis 2019"/>
    <Step Id="synth_design"/>
  </Strategy>
</GenRun>
