<?xml version="1.0" encoding="UTF-8"?>
<GenRun Id="synth_1" LaunchPart="xc7a100tcsg324-1" LaunchTime="1698748467">
  <File Type="PA-TCL" Name="ROM_selector_onboard.tcl"/>
  <File Type="RDS-PROPCONSTRS" Name="ROM_selector_onboard_drc_synth.rpt"/>
  <File Type="REPORTS-TCL" Name="ROM_selector_onboard_reports.tcl"/>
  <File Type="RDS-RDS" Name="ROM_selector_onboard.vds"/>
  <File Type="RDS-UTIL" Name="ROM_selector_onboard_utilization_synth.rpt"/>
  <File Type="RDS-UTIL-PB" Name="ROM_selector_onboard_utilization_synth.pb"/>
  <File Type="RDS-DCP" Name="ROM_selector_onboard.dcp"/>
  <File Type="VDS-TIMINGSUMMARY" Name="ROM_selector_onboard_timing_summary_synth.rpt"/>
  <File Type="VDS-TIMING-PB" Name="ROM_selector_onboard_timing_summary_synth.pb"/>
  <FileSet Name="sources" Type="DesignSrcs" RelSrcDir="$PSRCDIR/sources_1">
    <Filter Type="Srcs"/>
    <File Path="$PSRCDIR/sources_1/imports/sources_1/new/ButtonDebouncer.vhd">
      <FileInfo>
        <Attr Name="ImportPath" Val="$PPRDIR/../../Users/aless/Dropbox/DIDATTICA/ASDi/MATERIALE DIDATTICO/ESEMPI VHDL/esempi 2021-22/ROMonDisplay/ROMonDisplay/ROMonDisplay/ROMonDisplay.srcs/sources_1/new/ButtonDebouncer.vhd"/>
        <Attr Name="ImportTime" Val="1635942621"/>
        <Attr Name="UsedIn" Val="synthesis"/>
        <Attr Name="UsedIn" Val="simulation"/>
      </FileInfo>
    </File>
    <File Path="$PSRCDIR/sources_1/imports/sources_1/new/ROM.vhd">
      <FileInfo>
        <Attr Name="ImportPath" Val="$PPRDIR/../../Users/aless/Dropbox/DIDATTICA/ASDi/MATERIALE DIDATTICO/ESEMPI VHDL/esempi 2021-22/ROMonDisplay/ROMonDisplay/ROMonDisplay/ROMonDisplay.srcs/sources_1/new/ROM.vhd"/>
        <Attr Name="ImportTime" Val="1635929923"/>
        <Attr Name="UsedIn" Val="synthesis"/>
        <Attr Name="UsedIn" Val="simulation"/>
      </FileInfo>
    </File>
    <File Path="$PSRCDIR/sources_1/imports/sources_1/imports/Display7Seg - Vivado/anodes_manager.vhd">
      <FileInfo>
        <Attr Name="ImportPath" Val="$PPRDIR/../../Users/aless/Dropbox/DIDATTICA/ASDi/MATERIALE DIDATTICO/ESEMPI VHDL/esempi 2021-22/ROMonDisplay/ROMonDisplay/ROMonDisplay/ROMonDisplay.srcs/sources_1/imports/Display7Seg - Vivado/anodes_manager.vhd"/>
        <Attr Name="ImportTime" Val="1635933885"/>
        <Attr Name="UsedIn" Val="synthesis"/>
        <Attr Name="UsedIn" Val="simulation"/>
      </FileInfo>
    </File>
    <File Path="$PSRCDIR/sources_1/imports/sources_1/imports/Display7Seg - Vivado/cathodes_manager.vhd">
      <FileInfo>
        <Attr Name="ImportPath" Val="$PPRDIR/../../Users/aless/Dropbox/DIDATTICA/ASDi/MATERIALE DIDATTICO/ESEMPI VHDL/esempi 2021-22/ROMonDisplay/ROMonDisplay/ROMonDisplay/ROMonDisplay.srcs/sources_1/imports/Display7Seg - Vivado/cathodes_manager.vhd"/>
        <Attr Name="ImportTime" Val="1635942686"/>
        <Attr Name="UsedIn" Val="synthesis"/>
        <Attr Name="UsedIn" Val="simulation"/>
      </FileInfo>
    </File>
    <File Path="$PSRCDIR/sources_1/imports/sources_1/imports/Display7Seg - Vivado/clock_filter.vhd">
      <FileInfo>
        <Attr Name="ImportPath" Val="$PPRDIR/../../Users/aless/Dropbox/DIDATTICA/ASDi/MATERIALE DIDATTICO/ESEMPI VHDL/esempi 2021-22/ROMonDisplay/ROMonDisplay/ROMonDisplay/ROMonDisplay.srcs/sources_1/imports/Display7Seg - Vivado/clock_filter.vhd"/>
        <Attr Name="ImportTime" Val="1635852455"/>
        <Attr Name="UsedIn" Val="synthesis"/>
        <Attr Name="UsedIn" Val="simulation"/>
      </FileInfo>
    </File>
    <File Path="$PSRCDIR/sources_1/imports/sources_1/imports/Display7Seg - Vivado/counter_mod8.vhd">
      <FileInfo>
        <Attr Name="UsedIn" Val="synthesis"/>
        <Attr Name="UsedIn" Val="simulation"/>
      </FileInfo>
    </File>
    <File Path="$PSRCDIR/sources_1/imports/sources_1/imports/Display7Seg - Vivado/display_seven_segments.vhd">
      <FileInfo>
        <Attr Name="ImportPath" Val="$PPRDIR/../../Users/aless/Dropbox/DIDATTICA/ASDi/MATERIALE DIDATTICO/ESEMPI VHDL/esempi 2021-22/ROMonDisplay/ROMonDisplay/ROMonDisplay/ROMonDisplay.srcs/sources_1/imports/Display7Seg - Vivado/display_seven_segments.vhd"/>
        <Attr Name="ImportTime" Val="1635888001"/>
        <Attr Name="UsedIn" Val="synthesis"/>
        <Attr Name="UsedIn" Val="simulation"/>
      </FileInfo>
    </File>
    <File Path="$PSRCDIR/sources_1/imports/sources_1/new/ROMSelector_onboard.vhd">
      <FileInfo>
        <Attr Name="ImportPath" Val="$PPRDIR/../../Users/aless/Dropbox/DIDATTICA/ASDi/MATERIALE DIDATTICO/ESEMPI VHDL/esempi 2021-22/ROMonDisplay/ROMonDisplay/ROMonDisplay/ROMonDisplay.srcs/sources_1/new/ROMSelector_onboard.vhd"/>
        <Attr Name="ImportTime" Val="1635887956"/>
        <Attr Name="UsedIn" Val="synthesis"/>
        <Attr Name="UsedIn" Val="simulation"/>
      </FileInfo>
    </File>
    <Config>
      <Option Name="DesignMode" Val="RTL"/>
      <Option Name="TopModule" Val="ROM_selector_onboard"/>
      <Option Name="TopAutoSet" Val="TRUE"/>
    </Config>
  </FileSet>
  <FileSet Name="constrs_in" Type="Constrs" RelSrcDir="$PSRCDIR/constrs_1">
    <Filter Type="Constrs"/>
    <File Path="$PSRCDIR/constrs_1/imports/digilent-xdc-master/Nexys-A7-50T-Master.xdc">
      <FileInfo>
        <Attr Name="ImportPath" Val="$PPRDIR/../../Users/aless/Dropbox/DIDATTICA/ASDi/MATERIALE DIDATTICO/ESEMPI VHDL/esempi 2021-22/ROMonDisplay/ROMonDisplay/ROMonDisplay/ROMonDisplay.srcs/constrs_1/imports/digilent-xdc-master/Nexys-A7-50T-Master.xdc"/>
        <Attr Name="ImportTime" Val="1635852349"/>
        <Attr Name="UsedIn" Val="synthesis"/>
        <Attr Name="UsedIn" Val="implementation"/>
      </FileInfo>
    </File>
    <Config>
      <Option Name="ConstrsType" Val="XDC"/>
    </Config>
  </FileSet>
  <FileSet Name="utils" Type="Utils" RelSrcDir="$PSRCDIR/utils_1">
    <Filter Type="Utils"/>
    <Config>
      <Option Name="TopAutoSet" Val="TRUE"/>
    </Config>
  </FileSet>
  <Strategy Version="1" Minor="2">
    <StratHandle Name="Vivado Synthesis Defaults" Flow="Vivado Synthesis 2020">
      <Desc>Vivado Synthesis Defaults</Desc>
    </StratHandle>
    <Step Id="synth_design"/>
  </Strategy>
</GenRun>
