<?xml version="1.0" encoding="UTF-8"?>
<GenRun Id="synth_1" LaunchPart="xc7a100tcsg324-1" LaunchTime="1698264533">
  <File Type="PA-TCL" Name="Encoder.tcl"/>
  <File Type="RDS-PROPCONSTRS" Name="Encoder_drc_synth.rpt"/>
  <File Type="REPORTS-TCL" Name="Encoder_reports.tcl"/>
  <File Type="RDS-RDS" Name="Encoder.vds"/>
  <File Type="RDS-UTIL" Name="Encoder_utilization_synth.rpt"/>
  <File Type="RDS-UTIL-PB" Name="Encoder_utilization_synth.pb"/>
  <File Type="RDS-DCP" Name="Encoder.dcp"/>
  <File Type="VDS-TIMINGSUMMARY" Name="Encoder_timing_summary_synth.rpt"/>
  <File Type="VDS-TIMING-PB" Name="Encoder_timing_summary_synth.pb"/>
  <FileSet Name="sources" Type="DesignSrcs" RelSrcDir="$PSRCDIR/sources_1">
    <Filter Type="Srcs"/>
    <File Path="$PSRCDIR/sources_1/imports/new/Encoder.vhd">
      <FileInfo>
        <Attr Name="ImportPath" Val="$PPRDIR/../../Users/aless/Dropbox/DIDATTICA/ASDi/MATERIALE DIDATTICO/4-Ambiente di sviluppo per FPGA/laboratorio/5_BCD_ENCODER_board_nodisplay/5_BCD_ENCODER_board_nodisplay.srcs/sources_1/new/Encoder.vhd"/>
        <Attr Name="ImportTime" Val="1666249169"/>
        <Attr Name="UsedIn" Val="synthesis"/>
        <Attr Name="UsedIn" Val="simulation"/>
      </FileInfo>
    </File>
    <Config>
      <Option Name="DesignMode" Val="RTL"/>
      <Option Name="TopModule" Val="Encoder"/>
      <Option Name="TopAutoSet" Val="TRUE"/>
    </Config>
  </FileSet>
  <FileSet Name="constrs_in" Type="Constrs" RelSrcDir="$PSRCDIR/constrs_1">
    <Filter Type="Constrs"/>
    <File Path="$PSRCDIR/constrs_1/imports/digilent-xdc-master/Nexys-A7-100T-Master.xdc">
      <FileInfo>
        <Attr Name="ImportPath" Val="$PPRDIR/../../Users/aless/Dropbox/DIDATTICA/ASDi/MATERIALE DIDATTICO/TOOL/XILINX VIVADO-ISE/installazione e configurazione/materiale board Digilent/VIVADO - board files e XCF/digilent-xdc-master/Nexys-A7-100T-Master.xdc"/>
        <Attr Name="ImportTime" Val="1593211829"/>
        <Attr Name="UsedIn" Val="synthesis"/>
        <Attr Name="UsedIn" Val="implementation"/>
      </FileInfo>
    </File>
    <Config>
      <Option Name="ConstrsType" Val="XDC"/>
    </Config>
  </FileSet>
  <FileSet Name="utils" Type="Utils" RelSrcDir="$PSRCDIR/utils_1">
    <Filter Type="Utils"/>
    <Config>
      <Option Name="TopAutoSet" Val="TRUE"/>
    </Config>
  </FileSet>
  <Strategy Version="1" Minor="2">
    <StratHandle Name="Vivado Synthesis Defaults" Flow="Vivado Synthesis 2020"/>
    <Step Id="synth_design"/>
  </Strategy>
</GenRun>
