<?xml version="1.0" encoding="UTF-8"?>
<GenRun Id="synth_1" LaunchPart="xc7a50ticsg324-1L" LaunchTime="1697712830">
  <File Type="PA-TCL" Name="shift_register.tcl"/>
  <File Type="REPORTS-TCL" Name="shift_register_reports.tcl"/>
  <File Type="RDS-RDS" Name="shift_register.vds"/>
  <File Type="RDS-UTIL" Name="shift_register_utilization_synth.rpt"/>
  <File Type="RDS-UTIL-PB" Name="shift_register_utilization_synth.pb"/>
  <File Type="RDS-DCP" Name="shift_register.dcp"/>
  <FileSet Name="sources" Type="DesignSrcs" RelSrcDir="$PSRCDIR/sources_1">
    <Filter Type="Srcs"/>
    <File Path="$PSRCDIR/sources_1/imports/Desktop/shif_register.vhd">
      <FileInfo>
        <Attr Name="ImportPath" Val="$PPRDIR/../../Users/aless/OneDrive/Desktop/shif_register.vhd"/>
        <Attr Name="ImportTime" Val="1665579416"/>
        <Attr Name="UsedIn" Val="synthesis"/>
        <Attr Name="UsedIn" Val="simulation"/>
      </FileInfo>
    </File>
    <Config>
      <Option Name="DesignMode" Val="RTL"/>
      <Option Name="TopModule" Val="shift_register"/>
      <Option Name="TopAutoSet" Val="TRUE"/>
    </Config>
  </FileSet>
  <FileSet Name="constrs_in" Type="Constrs" RelSrcDir="$PSRCDIR/constrs_1">
    <Filter Type="Constrs"/>
    <Config>
      <Option Name="ConstrsType" Val="XDC"/>
    </Config>
  </FileSet>
  <FileSet Name="utils" Type="Utils" RelSrcDir="$PSRCDIR/utils_1">
    <Filter Type="Utils"/>
    <Config>
      <Option Name="TopAutoSet" Val="TRUE"/>
    </Config>
  </FileSet>
  <Strategy Version="1" Minor="2">
    <StratHandle Name="Vivado Synthesis Defaults" Flow="Vivado Synthesis 2020"/>
    <Step Id="synth_design"/>
  </Strategy>
</GenRun>
