<?xml version="1.0" encoding="UTF-8"?>
<GenRun Id="synth_1" LaunchPart="xc7a50ticsg324-1L" LaunchTime="1696326557">
  <File Type="PA-TCL" Name="decoder_2_4.tcl"/>
  <File Type="RDS-PROPCONSTRS" Name="decoder_2_4_drc_synth.rpt"/>
  <File Type="REPORTS-TCL" Name="decoder_2_4_reports.tcl"/>
  <File Type="RDS-RDS" Name="decoder_2_4.vds"/>
  <File Type="RDS-UTIL" Name="decoder_2_4_utilization_synth.rpt"/>
  <File Type="RDS-UTIL-PB" Name="decoder_2_4_utilization_synth.pb"/>
  <File Type="RDS-DCP" Name="decoder_2_4.dcp"/>
  <File Type="VDS-TIMINGSUMMARY" Name="decoder_2_4_timing_summary_synth.rpt"/>
  <File Type="VDS-TIMING-PB" Name="decoder_2_4_timing_summary_synth.pb"/>
  <FileSet Name="sources" Type="DesignSrcs" RelSrcDir="$PSRCDIR/sources_1">
    <Filter Type="Srcs"/>
    <File Path="$PSRCDIR/sources_1/imports/Desktop/decoder_2_4.vhd">
      <FileInfo>
        <Attr Name="ImportPath" Val="$PPRDIR/../../Users/aless/OneDrive/Desktop/decoder_2_4.vhd"/>
        <Attr Name="ImportTime" Val="1696170505"/>
        <Attr Name="UsedIn" Val="synthesis"/>
        <Attr Name="UsedIn" Val="simulation"/>
      </FileInfo>
    </File>
    <Config>
      <Option Name="DesignMode" Val="RTL"/>
      <Option Name="TopModule" Val="decoder_2_4"/>
      <Option Name="TopLib" Val="xil_defaultlib"/>
      <Option Name="TopArchitecture" Val="dataflow_v2"/>
      <Option Name="TopAutoSet" Val="TRUE"/>
    </Config>
  </FileSet>
  <FileSet Name="constrs_in" Type="Constrs" RelSrcDir="$PSRCDIR/constrs_1">
    <Filter Type="Constrs"/>
    <Config>
      <Option Name="ConstrsType" Val="XDC"/>
    </Config>
  </FileSet>
  <FileSet Name="utils" Type="Utils" RelSrcDir="$PSRCDIR/utils_1">
    <Filter Type="Utils"/>
    <Config>
      <Option Name="TopAutoSet" Val="TRUE"/>
    </Config>
  </FileSet>
  <Strategy Version="1" Minor="2">
    <StratHandle Name="Vivado Synthesis Defaults" Flow="Vivado Synthesis 2020"/>
    <Step Id="synth_design"/>
  </Strategy>
</GenRun>
