<?xml version="1.0" encoding="UTF-8"?>
<GenRun Id="impl_1" LaunchPart="xc7a100tcsg324-1" LaunchTime="1698264533">
  <File Type="BITSTR-BMM" Name="Encoder_bd.bmm"/>
  <File Type="OPT-METHODOLOGY-DRC" Name="Encoder_methodology_drc_opted.rpt"/>
  <File Type="INIT-TIMING" Name="Encoder_timing_summary_init.rpt"/>
  <File Type="ROUTE-PWR" Name="Encoder_power_routed.rpt"/>
  <File Type="PA-TCL" Name="Encoder.tcl"/>
  <File Type="OPT-TIMING" Name="Encoder_timing_summary_opted.rpt"/>
  <File Type="OPT-DCP" Name="Encoder_opt.dcp"/>
  <File Type="ROUTE-PWR-SUM" Name="Encoder_power_summary_routed.pb"/>
  <File Type="REPORTS-TCL" Name="Encoder_reports.tcl"/>
  <File Type="OPT-DRC" Name="Encoder_drc_opted.rpt"/>
  <File Type="OPT-HWDEF" Name="Encoder.hwdef"/>
  <File Type="PWROPT-DCP" Name="Encoder_pwropt.dcp"/>
  <File Type="PWROPT-DRC" Name="Encoder_drc_pwropted.rpt"/>
  <File Type="PWROPT-TIMING" Name="Encoder_timing_summary_pwropted.rpt"/>
  <File Type="PLACE-DCP" Name="Encoder_placed.dcp"/>
  <File Type="PLACE-IO" Name="Encoder_io_placed.rpt"/>
  <File Type="PLACE-CLK" Name="Encoder_clock_utilization_placed.rpt"/>
  <File Type="PLACE-UTIL" Name="Encoder_utilization_placed.rpt"/>
  <File Type="PLACE-UTIL-PB" Name="Encoder_utilization_placed.pb"/>
  <File Type="PLACE-CTRL" Name="Encoder_control_sets_placed.rpt"/>
  <File Type="PLACE-SIMILARITY" Name="Encoder_incremental_reuse_placed.rpt"/>
  <File Type="PLACE-PRE-SIMILARITY" Name="Encoder_incremental_reuse_pre_placed.rpt"/>
  <File Type="PLACE-TIMING" Name="Encoder_timing_summary_placed.rpt"/>
  <File Type="POSTPLACE-PWROPT-DCP" Name="Encoder_postplace_pwropt.dcp"/>
  <File Type="BG-BIN" Name="Encoder.bin"/>
  <File Type="POSTPLACE-PWROPT-TIMING" Name="Encoder_timing_summary_postplace_pwropted.rpt"/>
  <File Type="PHYSOPT-DCP" Name="Encoder_physopt.dcp"/>
  <File Type="PHYSOPT-DRC" Name="Encoder_drc_physopted.rpt"/>
  <File Type="BITSTR-MSK" Name="Encoder.msk"/>
  <File Type="PHYSOPT-TIMING" Name="Encoder_timing_summary_physopted.rpt"/>
  <File Type="ROUTE-ERROR-DCP" Name="Encoder_routed_error.dcp"/>
  <File Type="ROUTE-DCP" Name="Encoder_routed.dcp"/>
  <File Type="ROUTE-BLACKBOX-DCP" Name="Encoder_routed_bb.dcp"/>
  <File Type="ROUTE-DRC" Name="Encoder_drc_routed.rpt"/>
  <File Type="ROUTE-DRC-PB" Name="Encoder_drc_routed.pb"/>
  <File Type="ROUTE-DRC-RPX" Name="Encoder_drc_routed.rpx"/>
  <File Type="BITSTR-MMI" Name="Encoder.mmi"/>
  <File Type="ROUTE-METHODOLOGY-DRC" Name="Encoder_methodology_drc_routed.rpt"/>
  <File Type="ROUTE-METHODOLOGY-DRC-RPX" Name="Encoder_methodology_drc_routed.rpx"/>
  <File Type="ROUTE-METHODOLOGY-DRC-PB" Name="Encoder_methodology_drc_routed.pb"/>
  <File Type="ROUTE-PWR-RPX" Name="Encoder_power_routed.rpx"/>
  <File Type="ROUTE-STATUS" Name="Encoder_route_status.rpt"/>
  <File Type="ROUTE-STATUS-PB" Name="Encoder_route_status.pb"/>
  <File Type="ROUTE-TIMINGSUMMARY" Name="Encoder_timing_summary_routed.rpt"/>
  <File Type="ROUTE-TIMING-PB" Name="Encoder_timing_summary_routed.pb"/>
  <File Type="ROUTE-TIMING-RPX" Name="Encoder_timing_summary_routed.rpx"/>
  <File Type="ROUTE-SIMILARITY" Name="Encoder_incremental_reuse_routed.rpt"/>
  <File Type="ROUTE-CLK" Name="Encoder_clock_utilization_routed.rpt"/>
  <File Type="ROUTE-BUS-SKEW" Name="Encoder_bus_skew_routed.rpt"/>
  <File Type="ROUTE-BUS-SKEW-PB" Name="Encoder_bus_skew_routed.pb"/>
  <File Type="ROUTE-BUS-SKEW-RPX" Name="Encoder_bus_skew_routed.rpx"/>
  <File Type="POSTROUTE-PHYSOPT-DCP" Name="Encoder_postroute_physopt.dcp"/>
  <File Type="POSTROUTE-PHYSOPT-BLACKBOX-DCP" Name="Encoder_postroute_physopt_bb.dcp"/>
  <File Type="POSTROUTE-PHYSOPT-TIMING" Name="Encoder_timing_summary_postroute_physopted.rpt"/>
  <File Type="POSTROUTE-PHYSOPT-TIMING-PB" Name="Encoder_timing_summary_postroute_physopted.pb"/>
  <File Type="POSTROUTE-PHYSOPT-TIMING-RPX" Name="Encoder_timing_summary_postroute_physopted.rpx"/>
  <File Type="POSTROUTE-PHYSOPT-BUS-SKEW" Name="Encoder_bus_skew_postroute_physopted.rpt"/>
  <File Type="POSTROUTE-PHYSOPT-BUS-SKEW-PB" Name="Encoder_bus_skew_postroute_physopted.pb"/>
  <File Type="BG-BIT" Name="Encoder.bit"/>
  <File Type="POSTROUTE-PHYSOPT-BUS-SKEW-RPX" Name="Encoder_bus_skew_postroute_physopted.rpx"/>
  <File Type="BITSTR-RBT" Name="Encoder.rbt"/>
  <File Type="BITSTR-NKY" Name="Encoder.nky"/>
  <File Type="PDI-FILE" Name="Encoder.pdi"/>
  <File Type="RCFI_FILE" Name="Encoder.rcfi"/>
  <File Type="CFI_FILE" Name="Encoder.cfi"/>
  <File Type="RNPI_FILE" Name="Encoder.rnpi"/>
  <File Type="NPI_FILE" Name="Encoder.npi"/>
  <File Type="RBD_FILE" Name="Encoder.rbd"/>
  <File Type="BITSTR-LTX" Name="debug_nets.ltx"/>
  <File Type="BITSTR-LTX" Name="Encoder.ltx"/>
  <File Type="BITSTR-SYSDEF" Name="Encoder.sysdef"/>
  <File Type="BG-BGN" Name="Encoder.bgn"/>
  <File Type="BG-DRC" Name="Encoder.drc"/>
  <File Type="RDI-RDI" Name="Encoder.vdi"/>
  <File Type="WBT-USG" Name="usage_statistics_webtalk.html"/>
  <FileSet Name="sources" Type="DesignSrcs" RelSrcDir="$PSRCDIR/sources_1">
    <Filter Type="Srcs"/>
    <File Path="$PSRCDIR/sources_1/imports/new/Encoder.vhd">
      <FileInfo>
        <Attr Name="ImportPath" Val="$PPRDIR/../../Users/aless/Dropbox/DIDATTICA/ASDi/MATERIALE DIDATTICO/4-Ambiente di sviluppo per FPGA/laboratorio/5_BCD_ENCODER_board_nodisplay/5_BCD_ENCODER_board_nodisplay.srcs/sources_1/new/Encoder.vhd"/>
        <Attr Name="ImportTime" Val="1666249169"/>
        <Attr Name="UsedIn" Val="synthesis"/>
        <Attr Name="UsedIn" Val="simulation"/>
      </FileInfo>
    </File>
    <Config>
      <Option Name="DesignMode" Val="RTL"/>
      <Option Name="TopModule" Val="Encoder"/>
      <Option Name="TopAutoSet" Val="TRUE"/>
    </Config>
  </FileSet>
  <FileSet Name="constrs_in" Type="Constrs" RelSrcDir="$PSRCDIR/constrs_1">
    <Filter Type="Constrs"/>
    <File Path="$PSRCDIR/constrs_1/imports/digilent-xdc-master/Nexys-A7-100T-Master.xdc">
      <FileInfo>
        <Attr Name="ImportPath" Val="$PPRDIR/../../Users/aless/Dropbox/DIDATTICA/ASDi/MATERIALE DIDATTICO/TOOL/XILINX VIVADO-ISE/installazione e configurazione/materiale board Digilent/VIVADO - board files e XCF/digilent-xdc-master/Nexys-A7-100T-Master.xdc"/>
        <Attr Name="ImportTime" Val="1593211829"/>
        <Attr Name="UsedIn" Val="synthesis"/>
        <Attr Name="UsedIn" Val="implementation"/>
      </FileInfo>
    </File>
    <Config>
      <Option Name="ConstrsType" Val="XDC"/>
    </Config>
  </FileSet>
  <FileSet Name="utils" Type="Utils" RelSrcDir="$PSRCDIR/utils_1">
    <Filter Type="Utils"/>
    <Config>
      <Option Name="TopAutoSet" Val="TRUE"/>
    </Config>
  </FileSet>
  <Strategy Version="1" Minor="2">
    <StratHandle Name="Vivado Implementation Defaults" Flow="Vivado Implementation 2020"/>
    <Step Id="init_design"/>
    <Step Id="opt_design"/>
    <Step Id="power_opt_design"/>
    <Step Id="place_design"/>
    <Step Id="post_place_power_opt_design"/>
    <Step Id="phys_opt_design"/>
    <Step Id="route_design"/>
    <Step Id="post_route_phys_opt_design"/>
    <Step Id="write_bitstream"/>
  </Strategy>
</GenRun>
