<?xml version="1.0" encoding="UTF-8"?>
<GenRun Id="synth_1" LaunchPart="xc7a100tcsg324-1" LaunchTime="1698266209">
  <File Type="PA-TCL" Name="Encoder_onBoard.tcl"/>
  <File Type="RDS-PROPCONSTRS" Name="Encoder_onBoard_drc_synth.rpt"/>
  <File Type="REPORTS-TCL" Name="Encoder_onBoard_reports.tcl"/>
  <File Type="RDS-RDS" Name="Encoder_onBoard.vds"/>
  <File Type="RDS-UTIL" Name="Encoder_onBoard_utilization_synth.rpt"/>
  <File Type="RDS-UTIL-PB" Name="Encoder_onBoard_utilization_synth.pb"/>
  <File Type="RDS-DCP" Name="Encoder_onBoard.dcp"/>
  <File Type="VDS-TIMINGSUMMARY" Name="Encoder_onBoard_timing_summary_synth.rpt"/>
  <File Type="VDS-TIMING-PB" Name="Encoder_onBoard_timing_summary_synth.pb"/>
  <FileSet Name="sources" Type="DesignSrcs" RelSrcDir="$PSRCDIR/sources_1">
    <Filter Type="Srcs"/>
    <File Path="$PSRCDIR/sources_1/imports/new/Encoder.vhd">
      <FileInfo>
        <Attr Name="ImportPath" Val="$PPRDIR/../../Users/aless/Dropbox/DIDATTICA/ASDi/MATERIALE DIDATTICO/4-Ambiente di sviluppo per FPGA/laboratorio/6_BCD_ENCODER_board_display1cifra/6_BCD_ENCODER_board_display1cifra.srcs/sources_1/new/Encoder.vhd"/>
        <Attr Name="ImportTime" Val="1666086213"/>
        <Attr Name="UsedIn" Val="synthesis"/>
        <Attr Name="UsedIn" Val="simulation"/>
      </FileInfo>
    </File>
    <File Path="$PSRCDIR/sources_1/imports/new/cathodes_manager.vhd">
      <FileInfo>
        <Attr Name="ImportPath" Val="$PPRDIR/../../Users/aless/Dropbox/DIDATTICA/ASDi/MATERIALE DIDATTICO/4-Ambiente di sviluppo per FPGA/laboratorio/6_BCD_ENCODER_board_display1cifra/6_BCD_ENCODER_board_display1cifra.srcs/sources_1/new/cathodes_manager.vhd"/>
        <Attr Name="ImportTime" Val="1667319038"/>
        <Attr Name="UsedIn" Val="synthesis"/>
        <Attr Name="UsedIn" Val="simulation"/>
      </FileInfo>
    </File>
    <File Path="$PSRCDIR/sources_1/imports/new/Encoder_onBoard.vhd">
      <FileInfo>
        <Attr Name="ImportPath" Val="$PPRDIR/../../Users/aless/Dropbox/DIDATTICA/ASDi/MATERIALE DIDATTICO/4-Ambiente di sviluppo per FPGA/laboratorio/6_BCD_ENCODER_board_display1cifra/6_BCD_ENCODER_board_display1cifra.srcs/sources_1/new/Encoder_onBoard.vhd"/>
        <Attr Name="ImportTime" Val="1666255818"/>
        <Attr Name="UsedIn" Val="synthesis"/>
        <Attr Name="UsedIn" Val="simulation"/>
      </FileInfo>
    </File>
    <Config>
      <Option Name="DesignMode" Val="RTL"/>
      <Option Name="TopModule" Val="Encoder_onBoard"/>
      <Option Name="TopAutoSet" Val="TRUE"/>
    </Config>
  </FileSet>
  <FileSet Name="constrs_in" Type="Constrs" RelSrcDir="$PSRCDIR/constrs_1">
    <Filter Type="Constrs"/>
    <File Path="$PSRCDIR/constrs_1/imports/digilent-xdc-master/Nexys-A7-100T-Master.xdc">
      <FileInfo>
        <Attr Name="ImportPath" Val="$PPRDIR/../../Users/aless/Dropbox/DIDATTICA/ASDi/MATERIALE DIDATTICO/4-Ambiente di sviluppo per FPGA/laboratorio/6_BCD_ENCODER_board_display1cifra/6_BCD_ENCODER_board_display1cifra.srcs/constrs_1/imports/digilent-xdc-master/Nexys-A7-100T-Master.xdc"/>
        <Attr Name="ImportTime" Val="1667318699"/>
        <Attr Name="UsedIn" Val="synthesis"/>
        <Attr Name="UsedIn" Val="implementation"/>
      </FileInfo>
    </File>
    <Config>
      <Option Name="ConstrsType" Val="XDC"/>
    </Config>
  </FileSet>
  <FileSet Name="utils" Type="Utils" RelSrcDir="$PSRCDIR/utils_1">
    <Filter Type="Utils"/>
    <Config>
      <Option Name="TopAutoSet" Val="TRUE"/>
    </Config>
  </FileSet>
  <Strategy Version="1" Minor="2">
    <StratHandle Name="Vivado Synthesis Defaults" Flow="Vivado Synthesis 2020">
      <Desc>Vivado Synthesis Defaults</Desc>
    </StratHandle>
    <Step Id="synth_design"/>
  </Strategy>
</GenRun>
