<?xml version="1.0" encoding="UTF-8"?>
<GenRun Id="impl_1" LaunchPart="xc7a100tcsg324-1" LaunchTime="1698748467">
  <File Type="BITSTR-BMM" Name="ROM_selector_onboard_bd.bmm"/>
  <File Type="OPT-METHODOLOGY-DRC" Name="ROM_selector_onboard_methodology_drc_opted.rpt"/>
  <File Type="INIT-TIMING" Name="ROM_selector_onboard_timing_summary_init.rpt"/>
  <File Type="ROUTE-PWR" Name="ROM_selector_onboard_power_routed.rpt"/>
  <File Type="PA-TCL" Name="ROM_selector_onboard.tcl"/>
  <File Type="OPT-TIMING" Name="ROM_selector_onboard_timing_summary_opted.rpt"/>
  <File Type="OPT-DCP" Name="ROM_selector_onboard_opt.dcp"/>
  <File Type="ROUTE-PWR-SUM" Name="ROM_selector_onboard_power_summary_routed.pb"/>
  <File Type="REPORTS-TCL" Name="ROM_selector_onboard_reports.tcl"/>
  <File Type="OPT-DRC" Name="ROM_selector_onboard_drc_opted.rpt"/>
  <File Type="OPT-HWDEF" Name="ROM_selector_onboard.hwdef"/>
  <File Type="PWROPT-DCP" Name="ROM_selector_onboard_pwropt.dcp"/>
  <File Type="PWROPT-DRC" Name="ROM_selector_onboard_drc_pwropted.rpt"/>
  <File Type="PWROPT-TIMING" Name="ROM_selector_onboard_timing_summary_pwropted.rpt"/>
  <File Type="PLACE-DCP" Name="ROM_selector_onboard_placed.dcp"/>
  <File Type="PLACE-IO" Name="ROM_selector_onboard_io_placed.rpt"/>
  <File Type="PLACE-CLK" Name="ROM_selector_onboard_clock_utilization_placed.rpt"/>
  <File Type="PLACE-UTIL" Name="ROM_selector_onboard_utilization_placed.rpt"/>
  <File Type="PLACE-UTIL-PB" Name="ROM_selector_onboard_utilization_placed.pb"/>
  <File Type="PLACE-CTRL" Name="ROM_selector_onboard_control_sets_placed.rpt"/>
  <File Type="PLACE-SIMILARITY" Name="ROM_selector_onboard_incremental_reuse_placed.rpt"/>
  <File Type="PLACE-PRE-SIMILARITY" Name="ROM_selector_onboard_incremental_reuse_pre_placed.rpt"/>
  <File Type="PLACE-TIMING" Name="ROM_selector_onboard_timing_summary_placed.rpt"/>
  <File Type="POSTPLACE-PWROPT-DCP" Name="ROM_selector_onboard_postplace_pwropt.dcp"/>
  <File Type="BG-BIN" Name="ROM_selector_onboard.bin"/>
  <File Type="POSTPLACE-PWROPT-TIMING" Name="ROM_selector_onboard_timing_summary_postplace_pwropted.rpt"/>
  <File Type="PHYSOPT-DCP" Name="ROM_selector_onboard_physopt.dcp"/>
  <File Type="PHYSOPT-DRC" Name="ROM_selector_onboard_drc_physopted.rpt"/>
  <File Type="BITSTR-MSK" Name="ROM_selector_onboard.msk"/>
  <File Type="PHYSOPT-TIMING" Name="ROM_selector_onboard_timing_summary_physopted.rpt"/>
  <File Type="ROUTE-ERROR-DCP" Name="ROM_selector_onboard_routed_error.dcp"/>
  <File Type="ROUTE-DCP" Name="ROM_selector_onboard_routed.dcp"/>
  <File Type="ROUTE-BLACKBOX-DCP" Name="ROM_selector_onboard_routed_bb.dcp"/>
  <File Type="ROUTE-DRC" Name="ROM_selector_onboard_drc_routed.rpt"/>
  <File Type="ROUTE-DRC-PB" Name="ROM_selector_onboard_drc_routed.pb"/>
  <File Type="ROUTE-DRC-RPX" Name="ROM_selector_onboard_drc_routed.rpx"/>
  <File Type="BITSTR-MMI" Name="ROM_selector_onboard.mmi"/>
  <File Type="ROUTE-METHODOLOGY-DRC" Name="ROM_selector_onboard_methodology_drc_routed.rpt"/>
  <File Type="ROUTE-METHODOLOGY-DRC-RPX" Name="ROM_selector_onboard_methodology_drc_routed.rpx"/>
  <File Type="ROUTE-METHODOLOGY-DRC-PB" Name="ROM_selector_onboard_methodology_drc_routed.pb"/>
  <File Type="ROUTE-PWR-RPX" Name="ROM_selector_onboard_power_routed.rpx"/>
  <File Type="ROUTE-STATUS" Name="ROM_selector_onboard_route_status.rpt"/>
  <File Type="ROUTE-STATUS-PB" Name="ROM_selector_onboard_route_status.pb"/>
  <File Type="ROUTE-TIMINGSUMMARY" Name="ROM_selector_onboard_timing_summary_routed.rpt"/>
  <File Type="ROUTE-TIMING-PB" Name="ROM_selector_onboard_timing_summary_routed.pb"/>
  <File Type="ROUTE-TIMING-RPX" Name="ROM_selector_onboard_timing_summary_routed.rpx"/>
  <File Type="ROUTE-SIMILARITY" Name="ROM_selector_onboard_incremental_reuse_routed.rpt"/>
  <File Type="ROUTE-CLK" Name="ROM_selector_onboard_clock_utilization_routed.rpt"/>
  <File Type="ROUTE-BUS-SKEW" Name="ROM_selector_onboard_bus_skew_routed.rpt"/>
  <File Type="ROUTE-BUS-SKEW-PB" Name="ROM_selector_onboard_bus_skew_routed.pb"/>
  <File Type="ROUTE-BUS-SKEW-RPX" Name="ROM_selector_onboard_bus_skew_routed.rpx"/>
  <File Type="POSTROUTE-PHYSOPT-DCP" Name="ROM_selector_onboard_postroute_physopt.dcp"/>
  <File Type="POSTROUTE-PHYSOPT-BLACKBOX-DCP" Name="ROM_selector_onboard_postroute_physopt_bb.dcp"/>
  <File Type="POSTROUTE-PHYSOPT-TIMING" Name="ROM_selector_onboard_timing_summary_postroute_physopted.rpt"/>
  <File Type="POSTROUTE-PHYSOPT-TIMING-PB" Name="ROM_selector_onboard_timing_summary_postroute_physopted.pb"/>
  <File Type="POSTROUTE-PHYSOPT-TIMING-RPX" Name="ROM_selector_onboard_timing_summary_postroute_physopted.rpx"/>
  <File Type="POSTROUTE-PHYSOPT-BUS-SKEW" Name="ROM_selector_onboard_bus_skew_postroute_physopted.rpt"/>
  <File Type="POSTROUTE-PHYSOPT-BUS-SKEW-PB" Name="ROM_selector_onboard_bus_skew_postroute_physopted.pb"/>
  <File Type="BG-BIT" Name="ROM_selector_onboard.bit"/>
  <File Type="POSTROUTE-PHYSOPT-BUS-SKEW-RPX" Name="ROM_selector_onboard_bus_skew_postroute_physopted.rpx"/>
  <File Type="BITSTR-RBT" Name="ROM_selector_onboard.rbt"/>
  <File Type="BITSTR-NKY" Name="ROM_selector_onboard.nky"/>
  <File Type="PDI-FILE" Name="ROM_selector_onboard.pdi"/>
  <File Type="RCFI_FILE" Name="ROM_selector_onboard.rcfi"/>
  <File Type="CFI_FILE" Name="ROM_selector_onboard.cfi"/>
  <File Type="RNPI_FILE" Name="ROM_selector_onboard.rnpi"/>
  <File Type="NPI_FILE" Name="ROM_selector_onboard.npi"/>
  <File Type="RBD_FILE" Name="ROM_selector_onboard.rbd"/>
  <File Type="BITSTR-LTX" Name="debug_nets.ltx"/>
  <File Type="BITSTR-LTX" Name="ROM_selector_onboard.ltx"/>
  <File Type="BITSTR-SYSDEF" Name="ROM_selector_onboard.sysdef"/>
  <File Type="BG-BGN" Name="ROM_selector_onboard.bgn"/>
  <File Type="BG-DRC" Name="ROM_selector_onboard.drc"/>
  <File Type="RDI-RDI" Name="ROM_selector_onboard.vdi"/>
  <File Type="WBT-USG" Name="usage_statistics_webtalk.html"/>
  <FileSet Name="sources" Type="DesignSrcs" RelSrcDir="$PSRCDIR/sources_1">
    <Filter Type="Srcs"/>
    <File Path="$PSRCDIR/sources_1/imports/sources_1/new/ButtonDebouncer.vhd">
      <FileInfo>
        <Attr Name="ImportPath" Val="$PPRDIR/../../Users/aless/Dropbox/DIDATTICA/ASDi/MATERIALE DIDATTICO/ESEMPI VHDL/esempi 2021-22/ROMonDisplay/ROMonDisplay/ROMonDisplay/ROMonDisplay.srcs/sources_1/new/ButtonDebouncer.vhd"/>
        <Attr Name="ImportTime" Val="1635942621"/>
        <Attr Name="UsedIn" Val="synthesis"/>
        <Attr Name="UsedIn" Val="simulation"/>
      </FileInfo>
    </File>
    <File Path="$PSRCDIR/sources_1/imports/sources_1/new/ROM.vhd">
      <FileInfo>
        <Attr Name="ImportPath" Val="$PPRDIR/../../Users/aless/Dropbox/DIDATTICA/ASDi/MATERIALE DIDATTICO/ESEMPI VHDL/esempi 2021-22/ROMonDisplay/ROMonDisplay/ROMonDisplay/ROMonDisplay.srcs/sources_1/new/ROM.vhd"/>
        <Attr Name="ImportTime" Val="1635929923"/>
        <Attr Name="UsedIn" Val="synthesis"/>
        <Attr Name="UsedIn" Val="simulation"/>
      </FileInfo>
    </File>
    <File Path="$PSRCDIR/sources_1/imports/sources_1/imports/Display7Seg - Vivado/anodes_manager.vhd">
      <FileInfo>
        <Attr Name="ImportPath" Val="$PPRDIR/../../Users/aless/Dropbox/DIDATTICA/ASDi/MATERIALE DIDATTICO/ESEMPI VHDL/esempi 2021-22/ROMonDisplay/ROMonDisplay/ROMonDisplay/ROMonDisplay.srcs/sources_1/imports/Display7Seg - Vivado/anodes_manager.vhd"/>
        <Attr Name="ImportTime" Val="1635933885"/>
        <Attr Name="UsedIn" Val="synthesis"/>
        <Attr Name="UsedIn" Val="simulation"/>
      </FileInfo>
    </File>
    <File Path="$PSRCDIR/sources_1/imports/sources_1/imports/Display7Seg - Vivado/cathodes_manager.vhd">
      <FileInfo>
        <Attr Name="ImportPath" Val="$PPRDIR/../../Users/aless/Dropbox/DIDATTICA/ASDi/MATERIALE DIDATTICO/ESEMPI VHDL/esempi 2021-22/ROMonDisplay/ROMonDisplay/ROMonDisplay/ROMonDisplay.srcs/sources_1/imports/Display7Seg - Vivado/cathodes_manager.vhd"/>
        <Attr Name="ImportTime" Val="1635942686"/>
        <Attr Name="UsedIn" Val="synthesis"/>
        <Attr Name="UsedIn" Val="simulation"/>
      </FileInfo>
    </File>
    <File Path="$PSRCDIR/sources_1/imports/sources_1/imports/Display7Seg - Vivado/clock_filter.vhd">
      <FileInfo>
        <Attr Name="ImportPath" Val="$PPRDIR/../../Users/aless/Dropbox/DIDATTICA/ASDi/MATERIALE DIDATTICO/ESEMPI VHDL/esempi 2021-22/ROMonDisplay/ROMonDisplay/ROMonDisplay/ROMonDisplay.srcs/sources_1/imports/Display7Seg - Vivado/clock_filter.vhd"/>
        <Attr Name="ImportTime" Val="1635852455"/>
        <Attr Name="UsedIn" Val="synthesis"/>
        <Attr Name="UsedIn" Val="simulation"/>
      </FileInfo>
    </File>
    <File Path="$PSRCDIR/sources_1/imports/sources_1/imports/Display7Seg - Vivado/counter_mod8.vhd">
      <FileInfo>
        <Attr Name="UsedIn" Val="synthesis"/>
        <Attr Name="UsedIn" Val="simulation"/>
      </FileInfo>
    </File>
    <File Path="$PSRCDIR/sources_1/imports/sources_1/imports/Display7Seg - Vivado/display_seven_segments.vhd">
      <FileInfo>
        <Attr Name="ImportPath" Val="$PPRDIR/../../Users/aless/Dropbox/DIDATTICA/ASDi/MATERIALE DIDATTICO/ESEMPI VHDL/esempi 2021-22/ROMonDisplay/ROMonDisplay/ROMonDisplay/ROMonDisplay.srcs/sources_1/imports/Display7Seg - Vivado/display_seven_segments.vhd"/>
        <Attr Name="ImportTime" Val="1635888001"/>
        <Attr Name="UsedIn" Val="synthesis"/>
        <Attr Name="UsedIn" Val="simulation"/>
      </FileInfo>
    </File>
    <File Path="$PSRCDIR/sources_1/imports/sources_1/new/ROMSelector_onboard.vhd">
      <FileInfo>
        <Attr Name="ImportPath" Val="$PPRDIR/../../Users/aless/Dropbox/DIDATTICA/ASDi/MATERIALE DIDATTICO/ESEMPI VHDL/esempi 2021-22/ROMonDisplay/ROMonDisplay/ROMonDisplay/ROMonDisplay.srcs/sources_1/new/ROMSelector_onboard.vhd"/>
        <Attr Name="ImportTime" Val="1635887956"/>
        <Attr Name="UsedIn" Val="synthesis"/>
        <Attr Name="UsedIn" Val="simulation"/>
      </FileInfo>
    </File>
    <Config>
      <Option Name="DesignMode" Val="RTL"/>
      <Option Name="TopModule" Val="ROM_selector_onboard"/>
      <Option Name="TopAutoSet" Val="TRUE"/>
    </Config>
  </FileSet>
  <FileSet Name="constrs_in" Type="Constrs" RelSrcDir="$PSRCDIR/constrs_1">
    <Filter Type="Constrs"/>
    <File Path="$PSRCDIR/constrs_1/imports/digilent-xdc-master/Nexys-A7-50T-Master.xdc">
      <FileInfo>
        <Attr Name="ImportPath" Val="$PPRDIR/../../Users/aless/Dropbox/DIDATTICA/ASDi/MATERIALE DIDATTICO/ESEMPI VHDL/esempi 2021-22/ROMonDisplay/ROMonDisplay/ROMonDisplay/ROMonDisplay.srcs/constrs_1/imports/digilent-xdc-master/Nexys-A7-50T-Master.xdc"/>
        <Attr Name="ImportTime" Val="1635852349"/>
        <Attr Name="UsedIn" Val="synthesis"/>
        <Attr Name="UsedIn" Val="implementation"/>
      </FileInfo>
    </File>
    <Config>
      <Option Name="ConstrsType" Val="XDC"/>
    </Config>
  </FileSet>
  <FileSet Name="utils" Type="Utils" RelSrcDir="$PSRCDIR/utils_1">
    <Filter Type="Utils"/>
    <Config>
      <Option Name="TopAutoSet" Val="TRUE"/>
    </Config>
  </FileSet>
  <Strategy Version="1" Minor="2">
    <StratHandle Name="Vivado Implementation Defaults" Flow="Vivado Implementation 2020">
      <Desc>Default settings for Implementation.</Desc>
    </StratHandle>
    <Step Id="init_design"/>
    <Step Id="opt_design"/>
    <Step Id="power_opt_design"/>
    <Step Id="place_design"/>
    <Step Id="post_place_power_opt_design"/>
    <Step Id="phys_opt_design"/>
    <Step Id="route_design"/>
    <Step Id="post_route_phys_opt_design"/>
    <Step Id="write_bitstream"/>
  </Strategy>
</GenRun>
